Protein.IDs,Majority.protein.IDs,Peptide.counts..all.,Peptide.counts..razor.unique.,Peptide.counts..unique.,Protein.names,Gene.names,Fasta.headers,Number.of.proteins,Peptides,Razor...unique.peptides,Unique.peptides,Peptides..11kb_probe,Peptides..3kb_probe,Razor...unique.peptides..11kb_probe,Razor...unique.peptides..3kb_probe,Unique.peptides..11kb_probe,Unique.peptides..3kb_probe,Sequence.coverage....,Unique...razor.sequence.coverage....,Unique.sequence.coverage....,Mol..weight..kDa.,Sequence.length,Sequence.lengths,Q.value,Score,Sequence.coverage..11kb_probe....,Sequence.coverage..3kb_probe....,Intensity,Intensity..11kb_probe,Intensity..3kb_probe,LFQ.intensity..11kb_probe,LFQ.intensity..3kb_probe,MS.MS.count..11kb_probe,MS.MS.count..3kb_probe,MS.MS.count,Only.identified.by.site,Reverse,Potential.contaminant,id,Peptide.IDs,Peptide.is.razor,Mod..peptide.IDs,Evidence.IDs,MS.MS.IDs,Best.MS.MS,Oxidation..M..site.IDs,Oxidation..M..site.positions
Q00566-2;A0A0G2JWK2;Q00566,Q00566-2;A0A0G2JWK2;Q00566,49;48;48,49;48;48,49;48;48,Isoform B of Methyl-CpG-binding protein 2,Mecp2,sp|Q00566-2|MECP2_RAT Isoform B of Methyl-CpG-binding protein 2 OS=Rattus norvegicus OX=10116 GN=Mecp2;tr|A0A0G2JWK2|A0A0G2JWK2_RAT Methyl-CpG-binding protein 2 OS=Rattus norvegicus OX=10116 GN=Mecp2 PE=1 SV=1;sp|Q00566|MECP2_RAT Methyl-CpG-binding protein,3,49,49,49,43,44,43,44,43,44,78.7,78.7,78.7,55.082,520,520;492;492,0,323.31,75.4,78.1,3352400000,1649500000,1702900000,1680400000,1.594e+09,72,82,154,,,,165,0;1;2;22;42;43;84;152;172;173;196;202;231;232;234;235;306;307;376;377;379;404;504;547;548;566;639;640;737;738;891;935;936;960;961;1010;1027;1032;1067;1120;1121;1122;1183;1184;1188;1240;1241;1263;1333,True;True;True;True;True;True;True;True;True;True;True;True;True;True;True;True;True;True;True;True;True;True;True;True;True;True;True;True;True;True;True;True;True;True;True;True;True;True;True;True;True;True;True;True;True;True;True;True;True,0;1;2;22;42;43;44;86;154;174;175;198;204;233;234;236;237;308;309;378;379;381;407;507;550;551;569;642;643;743;744;745;902;947;948;972;973;1029;1046;1047;1052;1087;1141;1142;1143;1205;1206;1211;1264;1265;1288;1358,0;1;2;3;4;5;39;74;75;76;77;78;79;80;159;160;296;297;298;341;342;343;344;345;346;347;388;396;446;447;448;450;451;452;453;454;578;579;580;581;582;718;719;720;721;723;724;725;726;778;938;1025;1026;1027;1028;1029;1075;1076;1193;1194;1195;1196;1197;1361;1362;1363;1364;1365;1692;1773;1774;1775;1776;1777;1778;1779;1780;1781;1833;1834;1835;1836;1837;1931;1932;1933;1962;1963;1964;1965;1966;1967;1968;1976;1977;1978;1979;2044;2152;2153;2154;2155;2156;2157;2158;2159;2160;2161;2162;2267;2268;2269;2270;2282;2283;2470;2471;2472;2473;2474;2475;2476;2521;2522;2523;2647;2648,0;1;2;3;4;5;42;80;81;82;83;84;85;86;87;171;172;327;328;329;330;386;387;388;389;390;391;392;393;435;443;495;496;497;499;500;501;502;503;504;505;639;640;641;642;643;782;783;784;785;786;788;789;790;791;792;793;850;1022;1116;1117;1118;1119;1120;1121;1179;1180;1298;1299;1300;1301;1302;1471;1472;1473;1474;1475;1476;1477;1854;1957;1958;1959;1960;1961;1962;1963;1964;1965;1966;1967;2023;2024;2025;2026;2027;2131;2132;2133;2169;2170;2171;2172;2173;2174;2175;2176;2184;2185;2186;2187;2188;2189;2255;2373;2374;2375;2376;2377;2378;2379;2380;2381;2382;2383;2384;2385;2386;2387;2388;2389;2390;2391;2392;2393;2500;2501;2502;2503;2504;2516;2517;2792;2793;2794;2795;2796;2797;2798;2799;2850;2851;2852;2853;2991;2992,1;3;5;42;81;86;171;329;387;391;435;443;495;496;501;505;639;642;782;786;792;850;1022;1117;1120;1179;1299;1301;1471;1475;1854;1959;1965;2024;2026;2132;2172;2187;2255;2373;2383;2392;2502;2503;2517;2793;2799;2853;2991,13;14;15,122;252;465
Q6IMY8;A0A0G2JZ52,Q6IMY8;A0A0G2JZ52,56;55,56;55,56;55,Heterogeneous nuclear ribonucleoprotein U,Hnrnpu,sp|Q6IMY8|HNRPU_RAT Heterogeneous nuclear ribonucleoprotein U OS=Rattus norvegicus OX=10116 GN=Hnrnpu PE=1 SV=1;tr|A0A0G2JZ52|A0A0G2JZ52_RAT Heterogeneous nuclear ribonucleoprotein U OS=Rattus norvegicus OX=10116 GN=Hnrnpu PE=1 SV=1,2,56,56,56,34,53,34,53,34,53,43.4,43.4,43.4,87.731,798,798;803,0,323.31,36,39.7,1.359e+09,203820000,1155100000,294230000,1015800000,40,84,124,,,,185,23;86;114;115;140;145;165;187;192;193;208;209;264;265;360;361;364;374;375;397;401;402;415;483;507;515;516;517;541;542;552;557;622;627;628;644;648;656;694;695;733;734;763;764;771;802;857;858;897;903;904;1096;1202;1291;1294;1363,True;True;True;True;True;True;True;True;True;True;True;True;True;True;True;True;True;True;True;True;True;True;True;True;True;True;True;True;True;True;True;True;True;True;True;True;True;True;True;True;True;True;True;True;True;True;True;True;True;True;True;True;True;True;True;True,23;88;116;117;142;147;167;189;194;195;210;211;266;267;362;363;366;376;377;399;403;404;405;418;486;510;518;519;520;544;545;555;560;625;630;631;647;651;659;697;698;738;739;773;774;781;812;867;868;869;908;914;915;1117;1225;1316;1319;1388,40;41;42;163;204;205;206;207;208;209;210;274;285;286;316;370;371;377;378;379;380;381;382;404;405;406;407;408;506;507;692;693;694;697;698;715;716;717;763;764;765;772;773;774;775;776;792;793;794;908;945;946;947;948;949;950;975;976;977;978;1019;1020;1034;1048;1049;1050;1162;1163;1164;1171;1172;1173;1174;1175;1176;1203;1208;1209;1220;1221;1279;1280;1281;1282;1283;1353;1354;1355;1418;1419;1420;1421;1422;1434;1435;1502;1605;1606;1607;1608;1609;1610;1611;1705;1706;1715;1716;1717;2097;2098;2099;2300;2301;2578;2579;2580;2583;2584;2585;2708,43;44;45;177;223;224;225;226;227;228;229;305;316;317;350;417;418;424;425;426;427;428;429;451;452;453;454;455;557;558;559;756;757;758;761;762;779;780;781;834;835;836;837;844;845;846;847;848;864;865;866;989;1029;1030;1031;1032;1033;1034;1066;1067;1068;1069;1110;1111;1126;1149;1150;1151;1267;1268;1269;1276;1277;1278;1279;1280;1281;1308;1313;1314;1325;1326;1389;1390;1391;1392;1393;1463;1464;1465;1533;1534;1535;1536;1537;1538;1550;1551;1635;1741;1742;1743;1744;1745;1746;1747;1871;1872;1881;1882;1883;2310;2311;2312;2313;2314;2534;2535;2921;2922;2923;2926;2927;2928;3054,44;177;224;226;305;316;350;418;425;427;452;455;557;559;756;758;762;779;780;834;847;848;866;989;1033;1066;1067;1069;1110;1111;1126;1149;1267;1278;1280;1308;1314;1326;1390;1391;1463;1465;1535;1538;1551;1635;1744;1747;1872;1881;1882;2311;2535;2923;2928;3054,17;18,508;520
Q3ZAV2;P62961;D3ZEV0;D4A3P0,Q3ZAV2;P62961;D3ZEV0,24;24;13;6,13;13;10;0,13;13;10;0,Nuclease-sensitive element-binding protein 1,Ybx1,tr|Q3ZAV2|Q3ZAV2_RAT Nuclease-sensitive element-binding protein 1 OS=Rattus norvegicus OX=10116 GN=Ybx1 PE=1 SV=1;sp|P62961|YBOX1_RAT Nuclease-sensitive element-binding protein 1 OS=Rattus norvegicus OX=10116 GN=Ybx1 PE=2 SV=3;tr|D3ZEV0|D3ZEV0_RAT Nuclease,4,24,13,13,20,21,11,11,11,11,58.9,48.2,48.2,36.2,326,326;322;322;359,0,323.31,58.9,58.9,1.176e+09,715260000,460750000,809280000,276560000,57,37,94,,,,158,3;194;195;279;300;301;758;759;772;773;774;881;914;917;1092;1093;1115;1117;1118;1268;1269;1320;1357;1358,True;False;False;True;True;True;False;False;False;False;False;True;True;True;True;True;False;True;True;False;False;True;False;True,3;196;197;281;302;303;768;769;782;783;784;892;925;926;929;1113;1114;1136;1138;1139;1293;1294;1345;1382;1383,6;7;8;9;383;384;385;386;387;529;530;562;563;564;565;566;567;568;1407;1408;1409;1410;1411;1412;1436;1437;1438;1439;1440;1441;1442;1443;1444;1663;1664;1665;1666;1667;1668;1669;1670;1671;1672;1673;1674;1729;1730;1731;1732;1733;1738;1739;1740;1741;1742;1743;2088;2089;2090;2135;2136;2137;2142;2143;2144;2145;2146;2147;2148;2536;2537;2538;2539;2540;2627;2696;2697;2698;2699,6;7;8;9;10;11;12;430;431;432;433;434;581;582;583;584;620;621;622;623;624;625;626;627;628;1521;1522;1523;1524;1525;1526;1552;1553;1554;1555;1556;1557;1558;1559;1560;1803;1804;1805;1806;1807;1808;1809;1810;1811;1812;1813;1814;1815;1816;1817;1818;1819;1820;1821;1822;1823;1824;1825;1826;1827;1828;1829;1830;1831;1832;1833;1834;1835;1836;1895;1896;1897;1898;1899;1900;1901;1906;1907;1908;1909;1910;1911;1912;1913;1914;1915;1916;1917;1918;1919;1920;1921;1922;1923;1924;2300;2301;2302;2352;2353;2354;2355;2360;2361;2362;2363;2364;2365;2366;2367;2368;2869;2870;2871;2872;2873;2874;2875;2971;3042;3043;3044;3045,6;430;434;582;620;626;1523;1525;1552;1554;1557;1804;1897;1916;2300;2302;2354;2360;2367;2874;2875;2971;3042;3044,11,216
Q62764;F1MA18,Q62764;F1MA18,28;25,28;25,8;8,Y-box-binding protein 3,Ybx3,sp|Q62764|YBOX3_RAT Y-box-binding protein 3 OS=Rattus norvegicus OX=10116 GN=Ybx3 PE=1 SV=1;tr|F1MA18|F1MA18_RAT Y-box-binding protein 3 OS=Rattus norvegicus OX=10116 GN=Ybx3 PE=1 SV=1,2,28,28,8,26,20,26,20,8,2,72.6,72.6,24.4,38.851,361,361;361,0,323.31,72.6,58.4,1094200000,694820000,399400000,718270000,359230000,40,29,69,,,,175,35;194;195;278;299;739;758;759;772;773;774;819;879;880;888;913;958;1062;1063;1064;1115;1116;1235;1257;1258;1268;1269;1357,True;True;True;True;True;True;True;True;True;True;True;True;True;True;True;True;True;True;True;True;True;True;True;True;True;True;True;True,35;196;197;280;301;746;768;769;782;783;784;829;890;891;899;924;970;1082;1083;1084;1136;1137;1259;1282;1283;1293;1294;1382,62;63;383;384;385;386;387;528;560;561;1366;1367;1368;1369;1407;1408;1409;1410;1411;1412;1436;1437;1438;1439;1440;1441;1442;1443;1444;1530;1659;1660;1661;1662;1688;1728;1827;1828;2034;2035;2036;2037;2038;2039;2040;2135;2136;2137;2138;2139;2140;2141;2413;2508;2509;2510;2511;2512;2536;2537;2538;2539;2540;2696;2697,65;66;67;430;431;432;433;434;580;617;618;619;1478;1479;1480;1481;1521;1522;1523;1524;1525;1526;1552;1553;1554;1555;1556;1557;1558;1559;1560;1663;1799;1800;1801;1802;1850;1894;2017;2018;2245;2246;2247;2248;2249;2250;2251;2352;2353;2354;2355;2356;2357;2358;2359;2707;2837;2838;2839;2840;2841;2869;2870;2871;2872;2873;2874;2875;3042;3043,66;430;434;580;618;1479;1523;1525;1552;1554;1557;1663;1799;1800;1850;1894;2017;2246;2247;2251;2354;2358;2707;2837;2841;2874;2875;3042,,
Q9QX80;Q9QX81,Q9QX80;Q9QX81,34;34,34;34,33;33,CArG-binding factor A,Hnrnpab,tr|Q9QX80|Q9QX80_RAT CArG-binding factor A OS=Rattus norvegicus OX=10116 GN=Hnrnpab PE=1 SV=1;tr|Q9QX81|Q9QX81_RAT Heterogeneous nuclear ribonucleoprotein A/B OS=Rattus norvegicus OX=10116 GN=Hnrnpab PE=1 SV=1,2,34,34,33,31,24,31,24,30,23,60,60,60,30.853,285,285;332,0,323.31,60,53.3,1051900000,866630000,185260000,888130000,157360000,46,28,74,,,,197,162;163;174;175;184;185;236;237;252;253;262;263;316;317;318;337;338;439;487;518;521;532;595;707;708;709;760;887;1079;1080;1215;1216;1249;1262,True;True;True;True;True;True;True;True;True;True;True;True;True;True;True;True;True;True;True;True;True;True;True;True;True;True;True;True;True;True;True;True;True;True,164;165;176;177;186;187;238;239;254;255;264;265;318;319;320;339;340;442;490;521;524;535;598;711;712;713;770;898;1099;1100;1239;1240;1273;1287,313;314;348;349;350;351;366;367;368;455;456;457;458;481;482;483;484;501;502;503;504;505;602;603;604;605;606;607;608;647;648;649;650;651;652;833;834;915;916;979;982;983;1003;1004;1123;1305;1306;1307;1308;1309;1310;1311;1312;1313;1413;1685;1686;1687;2058;2059;2060;2061;2062;2063;2064;2337;2338;2339;2340;2341;2490;2518;2519;2520,347;348;394;395;396;397;413;414;415;506;507;508;509;532;533;534;535;552;553;554;555;556;664;665;666;667;668;669;670;709;710;711;712;713;714;906;907;908;997;998;1070;1073;1074;1094;1095;1227;1415;1416;1417;1418;1419;1420;1421;1422;1423;1527;1847;1848;1849;2269;2270;2271;2272;2273;2274;2275;2276;2590;2591;2592;2593;2594;2813;2847;2848;2849,347;348;394;396;413;415;507;509;533;535;553;556;664;667;669;710;712;907;997;1070;1074;1094;1227;1415;1418;1421;1527;1847;2270;2272;2590;2593;2813;2848,,
Q91ZW1,Q91ZW1,34,34,34,"Transcription factor A, mitochondrial",Tfam,"sp|Q91ZW1|TFAM_RAT Transcription factor A, mitochondrial OS=Rattus norvegicus OX=10116 GN=Tfam PE=2 SV=1",1,34,34,34,24,34,24,34,24,34,68.4,68.4,68.4,28.186,244,244,0,323.31,65.2,68.4,899560000,398480000,501080000,398460000,483790000,33,43,76,,,,192,54;142;189;213;214;223;224;285;286;422;489;570;620;621;672;673;789;790;827;828;829;942;943;944;1119;1123;1124;1125;1290;1309;1327;1328;1352;1353,True;True;True;True;True;True;True;True;True;True;True;True;True;True;True;True;True;True;True;True;True;True;True;True;True;True;True;True;True;True;True;True;True;True,56;144;191;215;216;225;226;287;288;425;492;573;623;624;675;676;799;800;837;838;839;954;955;956;1140;1144;1145;1146;1315;1334;1352;1353;1377;1378,101;102;277;278;373;416;417;418;431;432;433;434;538;539;540;541;804;805;919;920;1082;1083;1157;1158;1159;1160;1161;1247;1248;1249;1250;1480;1481;1482;1483;1484;1485;1486;1544;1545;1546;1547;1548;1549;1550;1793;1794;1795;1796;1797;1798;1799;1800;1801;2149;2150;2151;2163;2164;2165;2166;2167;2168;2577;2613;2637;2638;2639;2640;2685;2686;2687;2688;2689;2690,108;109;308;309;420;463;464;465;479;480;481;482;592;593;594;595;876;877;1001;1002;1186;1187;1262;1263;1264;1265;1266;1357;1358;1359;1360;1613;1614;1615;1616;1617;1618;1619;1677;1678;1679;1680;1681;1682;1683;1982;1983;1984;1985;1986;1987;1988;1989;1990;2369;2370;2371;2372;2394;2395;2396;2397;2398;2399;2920;2957;2981;2982;2983;2984;3030;3031;3032;3033;3034;3035;3036,108;308;420;463;465;480;482;592;594;877;1001;1186;1265;1266;1357;1359;1614;1618;1677;1679;1683;1982;1986;1988;2372;2394;2396;2399;2920;2957;2981;2983;3032;3036,,
D4A543;B7SZV3;Q9ERV8;P36394,D4A543,16;6;1;1,16;6;1;1,16;6;1;1,RCG41622,Sox2,tr|D4A543|D4A543_RAT RCG41622 OS=Rattus norvegicus OX=10116 GN=Sox2 PE=4 SV=1,4,16,16,16,14,14,14,14,14,14,44.2,44.2,44.2,34.406,319,319;240;169;121,0,236.26,43.9,42.6,294620000,155190000,139430000,136290000,148810000,22,20,42,,,,95,60;154;540;604;638;654;691;692;717;752;753;900;909;910;911;1255,True;True;True;True;True;True;True;True;True;True;True;True;True;True;True;True,62;156;543;607;641;657;694;695;721;760;761;762;911;920;921;922;1279;1280,117;118;119;300;301;302;303;1018;1136;1137;1189;1190;1191;1192;1216;1217;1218;1274;1275;1276;1277;1324;1325;1391;1392;1393;1394;1395;1396;1710;1711;1722;1723;1724;1725;1726;2502;2503;2504;2505,125;126;127;332;333;334;335;336;1109;1240;1241;1294;1295;1296;1297;1321;1322;1323;1384;1385;1386;1387;1434;1435;1503;1504;1505;1506;1507;1508;1509;1876;1877;1888;1889;1890;1891;1892;2831;2832;2833;2834,125;332;1109;1240;1297;1322;1384;1385;1435;1504;1509;1876;1888;1890;1892;2832,4;5,4;47
Q5D059;P61980;M0R9K1,Q5D059;P61980;M0R9K1,18;18;15,18;18;15,18;18;15,Heterogeneous nuclear ribonucleoprotein K,Hnrnpk,tr|Q5D059|Q5D059_RAT Heterogeneous nuclear ribonucleoprotein K OS=Rattus norvegicus OX=10116 GN=Hnrnpk PE=1 SV=1;sp|P61980|HNRPK_RAT Heterogeneous nuclear ribonucleoprotein K OS=Rattus norvegicus OX=10116 GN=Hnrnpk PE=1 SV=1;tr|M0R9K1|M0R9K1_RAT Heterogene,3,18,18,18,10,17,10,17,10,17,38.8,38.8,38.8,51.028,464,464;463;463,0,267.46,22.8,38.4,2.27e+08,26611000,200390000,39192000,135330000,13,49,62,,,,151,69;155;156;182;340;382;383;452;453;456;602;630;785;786;787;805;906;1090,True;True;True;True;True;True;True;True;True;True;True;True;True;True;True;True;True;True,71;157;158;184;342;384;385;455;456;459;605;633;795;796;797;815;917;1111,137;138;304;305;306;307;361;362;656;657;658;731;732;733;734;735;858;859;863;1134;1178;1179;1460;1461;1462;1463;1464;1465;1466;1467;1468;1469;1470;1471;1472;1473;1474;1475;1476;1477;1509;1719;2084;2085,149;150;337;338;339;340;407;408;409;718;719;720;798;799;800;801;802;934;935;939;1238;1283;1284;1576;1577;1578;1579;1580;1581;1582;1583;1584;1585;1586;1587;1588;1589;1590;1591;1592;1593;1594;1595;1596;1597;1598;1599;1600;1601;1602;1603;1604;1605;1606;1607;1608;1609;1610;1642;1885;2296;2297,149;337;340;407;720;801;802;934;935;939;1238;1284;1580;1590;1600;1642;1885;2296,,
Q62806;A0A0G2K3M5,Q62806,27;2,27;2,27;2,Zinc finger protein 148,Znf148,sp|Q62806|ZN148_RAT Zinc finger protein 148 OS=Rattus norvegicus OX=10116 GN=Znf148 PE=1 SV=1,2,27,27,27,24,21,24,21,24,21,43.6,43.6,43.6,88.747,794,794;890,0,323.31,41.3,35.9,221940000,80308000,141630000,83490000,132770000,28,26,54,,,,178,80;82;120;121;131;267;274;345;346;419;451;468;469;505;735;831;872;873;922;1023;1039;1040;1046;1151;1250;1323;1356,True;True;True;True;True;True;True;True;True;True;True;True;True;True;True;True;True;True;True;True;True;True;True;True;True;True;True,82;84;122;123;133;269;276;347;348;422;454;471;472;508;740;741;841;883;884;934;1042;1059;1060;1066;1172;1274;1348;1381,152;153;157;221;222;223;239;240;509;510;523;524;665;666;667;668;800;801;855;856;857;878;879;880;881;882;939;940;941;942;1356;1357;1358;1552;1639;1640;1641;1750;1751;1752;1753;1956;1957;1958;1992;1993;2005;2006;2210;2211;2212;2491;2631;2693;2694;2695,164;165;169;240;241;242;258;259;561;562;575;576;727;728;729;730;872;873;931;932;933;954;955;956;957;958;1023;1024;1025;1026;1466;1467;1468;1685;1775;1776;1777;1931;1932;1933;1934;2163;2164;2165;2202;2203;2216;2217;2442;2443;2444;2814;2975;3039;3040;3041,165;169;240;242;258;562;575;727;730;873;932;954;958;1025;1467;1685;1775;1777;1934;2163;2202;2203;2216;2443;2814;2975;3041,16,1
Q566D6;F1SW39;Q812D1-2;Q812D1;F1LPC7;A0A0G2JYC7;Q8VHK7;Q925G1-2;Q925G1,Q566D6;F1SW39;Q812D1-2;Q812D1,15;15;15;15;2;2;2;2;2,15;15;15;15;2;2;2;2;2,13;13;13;13;0;0;0;0;0,PC4 and SFRS1-interacting protein,Psip1,tr|Q566D6|Q566D6_RAT PC4 and SFRS1-interacting protein OS=Rattus norvegicus OX=10116 GN=Psip1 PE=1 SV=1;tr|F1SW39|F1SW39_RAT PC4 and SFRS1 interacting protein 1 OS=Rattus norvegicus OX=10116 GN=Psip1 PE=1 SV=1;sp|Q812D1-2|PSIP1_RAT Isoform 2 of PC4 and SFR,9,15,15,13,15,13,15,13,13,11,31.4,31.4,28.4,37.365,331,331;528;331;528;237;651;237;668;669,0,161.32,31.4,28.1,167120000,91565000,75557000,80602000,70132000,21,20,41,,,,118,143;147;284;329;330;400;525;526;722;868;869;896;1187;1305;1306,True;True;True;True;True;True;True;True;True;True;True;True;True;True;True,145;149;286;331;332;402;528;529;726;879;880;907;1209;1210;1330;1331,279;280;281;282;288;536;537;633;634;635;636;637;770;771;989;990;991;992;993;994;1333;1334;1629;1630;1631;1632;1633;1634;1703;1704;2274;2275;2276;2277;2278;2279;2280;2281;2606;2607;2608;2609,310;311;312;313;319;590;591;695;696;697;698;699;842;843;1080;1081;1082;1083;1084;1085;1443;1444;1765;1766;1767;1768;1769;1770;1869;1870;2508;2509;2510;2511;2512;2513;2514;2515;2950;2951;2952;2953,311;319;590;697;699;842;1082;1085;1443;1766;1769;1870;2515;2950;2953,,
A0A0G2K7B3;G3V9R8;A0A140TAI3;A0A0G2JXW4,A0A0G2K7B3;G3V9R8;A0A140TAI3;A0A0G2JXW4,19;19;18;18,19;19;18;18,19;19;18;18,Heterogeneous nuclear ribonucleoprotein C,LOC100911576,tr|A0A0G2K7B3|A0A0G2K7B3_RAT Heterogeneous nuclear ribonucleoprotein C OS=Rattus norvegicus OX=10116 GN=LOC100911576 PE=1 SV=1;sp|G3V9R8|HNRPC_RAT Heterogeneous nuclear ribonucleoprotein C OS=Rattus norvegicus OX=10116 GN=Hnrnpc PE=1 SV=2;tr|A0A140TAI3|A0A,4,19,19,19,9,19,9,19,9,19,54.3,54.3,54.3,33.056,300,300;298;293;313,0,209.39,24.7,54.3,158980000,26736000,132240000,35687000,116330000,13,28,41,,,,31,101;186;308;501;562;718;719;754;822;847;848;932;956;957;962;1225;1226;1232;1281,True;True;True;True;True;True;True;True;True;True;True;True;True;True;True;True;True;True;True,103;188;310;504;565;722;723;763;764;832;857;858;944;968;969;974;1249;1250;1256;1306,186;369;583;584;935;1068;1326;1327;1328;1329;1397;1398;1399;1535;1585;1586;1587;1588;1589;1590;1591;1592;1769;1825;1826;1838;2397;2398;2399;2407;2408;2561;2562;2563;2564,201;416;644;645;1019;1172;1436;1437;1438;1439;1510;1511;1512;1513;1668;1719;1720;1721;1722;1723;1724;1725;1726;1953;2015;2016;2028;2691;2692;2693;2701;2702;2896;2897;2898;2899;2900;2901;2902;2903;2904;2905;2906,201;416;645;1019;1172;1437;1439;1512;1668;1720;1725;1953;2015;2016;2028;2692;2693;2701;2897,0,123
Q9WUL0;A0A0G2K3V7,Q9WUL0;A0A0G2K3V7,32;31,32;31,32;31,DNA topoisomerase 1,Top1,sp|Q9WUL0|TOP1_RAT DNA topoisomerase 1 OS=Rattus norvegicus OX=10116 GN=Top1 PE=1 SV=1;tr|A0A0G2K3V7|A0A0G2K3V7_RAT DNA topoisomerase 1 OS=Rattus norvegicus OX=10116 GN=Top1 PE=1 SV=1,2,32,32,32,10,30,10,30,10,30,32.5,32.5,32.5,90.759,767,767;748,0,283.99,17.2,30.4,140800000,27869000,112930000,32262000,104640000,10,37,47,,,,200,83;109;124;181;215;218;219;241;269;270;378;425;472;473;474;499;500;571;631;660;724;725;890;994;1057;1058;1209;1237;1279;1316;1377;1378,True;True;True;True;True;True;True;True;True;True;True;True;True;True;True;True;True;True;True;True;True;True;True;True;True;True;True;True;True;True;True;True,85;111;126;183;217;220;221;243;271;272;380;428;475;476;477;502;503;574;634;663;728;729;901;1013;1077;1078;1233;1261;1304;1341;1403;1404,158;198;228;229;359;360;419;420;424;425;426;427;465;515;516;517;518;722;810;811;812;888;889;890;891;933;934;1084;1180;1181;1227;1339;1340;1691;1906;2026;2027;2328;2329;2416;2557;2558;2621;2745;2746;2747,170;217;247;248;405;406;466;467;468;472;473;474;475;516;567;568;569;570;787;882;883;884;885;964;965;966;967;968;969;1017;1018;1188;1285;1286;1332;1449;1450;1853;2103;2237;2238;2581;2582;2710;2711;2892;2893;2965;3093;3094;3095,170;217;248;406;467;473;474;516;568;570;787;884;967;968;969;1017;1018;1188;1286;1332;1449;1450;1853;2103;2237;2238;2582;2710;2893;2965;3093;3094,,
D3ZG21,D3ZG21,37,37,36,Transcription factor 20,Tcf20,tr|D3ZG21|D3ZG21_RAT Transcription factor 20 OS=Rattus norvegicus OX=10116 GN=Tcf20 PE=1 SV=1,1,37,37,36,27,27,27,27,26,26,25.5,25.5,25,214.32,1970,1970,0,323.31,21.4,20.5,137640000,69798000,67843000,74826000,60472000,32,32,64,,,,73,44;45;135;166;230;365;372;520;556;629;645;650;684;811;812;815;816;825;826;840;844;859;860;864;920;937;939;985;1007;1008;1026;1068;1086;1160;1161;1325;1371,True;True;True;True;True;True;True;True;True;True;True;True;True;True;True;True;True;True;True;True;True;True;True;True;True;True;True;True;True;True;True;True;True;True;True;True;True,45;46;137;168;232;367;374;523;559;632;648;653;687;821;822;825;826;835;836;850;854;870;871;875;932;949;951;1004;1026;1027;1045;1088;1107;1181;1182;1350;1397,81;82;83;84;85;264;265;317;318;445;699;700;701;702;713;981;1047;1177;1204;1211;1265;1266;1516;1517;1521;1522;1523;1524;1525;1541;1542;1543;1572;1573;1580;1612;1613;1614;1615;1622;1623;1747;1782;1783;1784;1785;1788;1789;1790;1888;1889;1890;1926;1927;1928;1961;2045;2046;2078;2079;2228;2229;2634;2733;2734,88;89;90;91;92;294;295;296;351;352;494;763;764;765;766;777;1072;1148;1282;1309;1316;1375;1376;1649;1650;1654;1655;1656;1657;1658;1674;1675;1676;1706;1707;1714;1748;1749;1750;1751;1758;1759;1928;1968;1969;1970;1971;1977;1978;1979;2085;2086;2087;2126;2127;2128;2168;2256;2257;2290;2291;2460;2461;2978;3081;3082,88;89;294;351;494;764;777;1072;1148;1282;1309;1316;1376;1649;1650;1655;1658;1674;1676;1706;1714;1748;1750;1758;1928;1970;1979;2086;2127;2128;2168;2257;2290;2460;2461;2978;3081,,
M0RBX6;D3ZK97;D3ZJ08;Q6LED0;P84245;A0A0G2K0N8;A0A0G2K5X7;A0A0G2K9I5;D3ZCY4,M0RBX6;D3ZK97;D3ZJ08;Q6LED0;P84245;A0A0G2K0N8,10;10;10;10;10;8;2;2;1,10;10;10;10;10;8;2;2;1,10;10;10;10;10;8;2;2;1,Histone H3,LOC690171,tr|M0RBX6|M0RBX6_RAT Histone H3 OS=Rattus norvegicus OX=10116 GN=LOC690171 PE=1 SV=1;tr|D3ZK97|D3ZK97_RAT Histone H3 OS=Rattus norvegicus OX=10116 GN=H3f3c PE=3 SV=1;tr|D3ZJ08|D3ZJ08_RAT Histone H3 OS=Rattus norvegicus OX=10116 GN=Hist2h3c2 PE=1 SV=1;sp|Q6,9,10,10,10,9,7,9,7,9,7,38.2,38.2,38.2,15.37,136,136;136;136;136;136;130;136;136;133,0,70.311,38.2,29.4,124180000,55285000,68898000,66103000,55701000,11,8,19,,,,75,151;204;675;927;928;931;1107;1296;1367;1368,True;True;True;True;True;True;True;True;True;True,153;206;678;939;940;943;1128;1321;1393;1394,294;295;398;399;400;1252;1253;1762;1763;1764;1765;1768;2120;2587;2588;2589;2725;2726;2727;2728;2729,325;326;445;446;447;1362;1363;1946;1947;1948;1949;1952;2337;2930;2931;2932;3073;3074;3075;3076;3077,326;446;1363;1946;1948;1952;2337;2930;3073;3077,,
A0A0H2UHP0;Q9R1D1,A0A0H2UHP0;Q9R1D1,20;20,20;20,20;20,"CCCTC-binding factor, isoform CRA_a",Ctcf,"tr|A0A0H2UHP0|A0A0H2UHP0_RAT CCCTC-binding factor, isoform CRA_a OS=Rattus norvegicus OX=10116 GN=Ctcf PE=1 SV=1;sp|Q9R1D1|CTCF_RAT Transcriptional repressor CTCF OS=Rattus norvegicus OX=10116 GN=Ctcf PE=2 SV=1",2,20,20,20,15,18,15,18,15,18,27.2,27.2,27.2,84.008,738,738;737,0,152.42,20.3,27,113880000,55621000,58255000,55913000,55951000,20,22,42,,,,41,30;137;259;268;561;716;775;845;852;853;929;952;1021;1022;1140;1150;1152;1324;1326;1343,True;True;True;True;True;True;True;True;True;True;True;True;True;True;True;True;True;True;True;True,30;139;261;270;564;720;785;855;862;863;941;964;1040;1041;1161;1171;1173;1349;1351;1368,54;267;268;494;495;496;497;511;512;513;514;1067;1323;1445;1581;1582;1598;1599;1600;1601;1766;1817;1953;1954;1955;2192;2193;2205;2206;2207;2208;2209;2213;2214;2632;2633;2635;2636;2665;2666;2667;2668,57;298;299;545;546;547;548;563;564;565;566;1171;1433;1561;1715;1716;1734;1735;1736;1737;1950;2007;2160;2161;2162;2423;2424;2436;2437;2438;2439;2440;2441;2445;2446;2976;2977;2979;2980;3010;3011;3012;3013,57;298;547;565;1171;1433;1561;1716;1734;1736;1950;2007;2160;2162;2423;2438;2445;2976;2980;3011,,
A0A0G2K0R4;A0A0G2KAJ3,A0A0G2K0R4;A0A0G2KAJ3,9;9,8;8,8;8,MYC-associated zinc finger protein,Maz,tr|A0A0G2K0R4|A0A0G2K0R4_RAT MYC-associated zinc finger protein OS=Rattus norvegicus OX=10116 GN=Maz PE=4 SV=1;tr|A0A0G2KAJ3|A0A0G2KAJ3_RAT MYC-associated zinc finger protein OS=Rattus norvegicus OX=10116 GN=Maz PE=4 SV=1,2,9,8,8,6,9,5,8,5,8,25.2,23,23,48.33,473,473;475,0,144.3,15.4,25.2,108220000,34950000,73273000,33244000,72448000,7,9,16,,,,16,29;47;125;198;658;729;991;1019;1030,False;True;True;True;True;True;True;True;True,29;48;127;200;661;733;1010;1038;1050,51;52;53;87;230;391;392;1223;1224;1346;1347;1348;1897;1898;1899;1900;1951;1972;1973;1974,54;55;56;94;249;438;439;1328;1329;1456;1457;1458;2094;2095;2096;2097;2158;2180;2181;2182,56;94;249;438;1329;1457;2097;2158;2182,,
D3ZJ19,D3ZJ19,11,11,8,DNA-binding protein SATB,Satb2,tr|D3ZJ19|D3ZJ19_RAT DNA-binding protein SATB OS=Rattus norvegicus OX=10116 GN=Satb2 PE=3 SV=1,1,11,11,8,11,3,11,3,8,3,19.5,19.5,15.6,82.586,733,733,0,97.778,19.5,8,75281000,67670000,7610500,64471000,8682700,15,5,20,,,,76,78;625;740;876;1059;1060;1073;1132;1173;1217;1292,True;True;True;True;True;True;True;True;True;True;True,80;628;747;748;887;1079;1080;1093;1153;1195;1241;1317,150;1168;1169;1370;1371;1372;1373;1374;1375;1646;2028;2029;2030;2031;2032;2051;2177;2250;2342;2581,162;1273;1274;1482;1483;1484;1485;1486;1487;1782;2239;2240;2241;2242;2243;2262;2408;2482;2595;2924,162;1273;1484;1782;2239;2243;2262;2408;2482;2595;2924,3,568
D3Z937,D3Z937,11,11,11,High mobility group 20A,Hmg20a,tr|D3Z937|D3Z937_RAT High mobility group 20A OS=Rattus norvegicus OX=10116 GN=Hmg20a PE=1 SV=1,1,11,11,11,4,11,4,11,4,11,30,30,30,39.902,347,347,0,105.24,12.7,30,68402000,15030000,53372000,19447000,47111000,4,15,19,,,,68,55;210;211;565;728;810;908;1114;1133;1136;1360,True;True;True;True;True;True;True;True;True;True;True,57;212;213;568;732;820;919;1135;1154;1157;1385,103;104;105;409;410;411;412;413;1073;1074;1345;1515;1721;2134;2178;2179;2185;2186;2702,110;111;112;456;457;458;459;460;1177;1178;1455;1648;1887;2351;2409;2410;2416;2417;3048,112;456;459;1178;1455;1648;1887;2351;2410;2416;3048,,
D3ZWX3;G3V9M5;Q9EQJ4-2;Q9EQJ4;G3V883;Q9EQJ4-3;Q9EQJ1,D3ZWX3;G3V9M5;Q9EQJ4-2;Q9EQJ4;G3V883;Q9EQJ4-3;Q9EQJ1,11;11;11;11;10;10;6,11;11;11;11;10;10;6,9;9;9;9;8;8;5,Zinc finger protein 384,Zfp384,tr|D3ZWX3|D3ZWX3_RAT Zinc finger protein 384 OS=Rattus norvegicus OX=10116 GN=Zfp384 PE=1 SV=1;tr|G3V9M5|G3V9M5_RAT Zinc finger protein 384 OS=Rattus norvegicus OX=10116 GN=Zfp384 PE=1 SV=1;sp|Q9EQJ4-2|ZN384_RAT Isoform 2 of Zinc finger protein 384 OS=Ratt,7,11,11,9,7,10,7,10,6,8,27.8,27.8,23.7,61.477,565,565;581;563;579;520;518;397,0,90.96,18.1,26.2,59403000,18953000,40450000,24499000,33507000,8,11,19,,,,85,31;32;117;118;696;727;988;1138;1139;1218;1312,True;True;True;True;True;True;True;True;True;True;True,31;32;119;120;699;731;1007;1159;1160;1242;1337,55;56;57;58;213;214;215;216;1284;1285;1343;1344;1894;2188;2189;2190;2191;2343;2616,58;59;60;61;232;233;234;235;1394;1395;1453;1454;2091;2419;2420;2421;2422;2596;2960,60;61;233;234;1394;1454;2091;2420;2422;2596;2960,,
P15337-2;P15337;A0A0G2K748;D3ZXY8;A0A0G2JYV9;F7FD47;Q03061-1,P15337-2;P15337;A0A0G2K748;D3ZXY8;A0A0G2JYV9;F7FD47,8;8;5;5;5;4;2,8;8;5;5;5;4;2,8;8;5;5;5;4;2,Isoform 2 of Cyclic AMP-responsive element-binding protein 1,Creb1,sp|P15337-2|CREB1_RAT Isoform 2 of Cyclic AMP-responsive element-binding protein 1 OS=Rattus norvegicus OX=10116 GN=Creb1;sp|P15337|CREB1_RAT Cyclic AMP-responsive element-binding protein 1 OS=Rattus norvegicus OX=10116 GN=Creb1 PE=1 SV=1;tr|A0A0G2K748|A0A,7,8,8,8,6,6,6,6,6,6,22.9,22.9,22.9,35.081,327,327;341;102;113;357;268;357,0,74.274,21.4,19.6,58707000,34459000,24247000,30956000,26913000,6,5,11,,,,137,63;134;463;1131;1165;1166;1221;1222,True;True;True;True;True;True;True;True,65;136;466;1152;1186;1187;1245;1246,130;263;872;873;2175;2176;2235;2236;2237;2390;2391;2392;2393,142;293;948;949;2406;2407;2467;2468;2469;2684;2685;2686;2687,142;293;949;2407;2467;2469;2684;2687,,
O88791,O88791,3,3,3,High mobility group AT-hook 2,Hmga2,tr|O88791|O88791_RAT High mobility group AT-hook 2 OS=Rattus norvegicus OX=10116 GN=Hmga2 PE=1 SV=1,1,3,3,3,3,3,3,3,3,3,36.4,36.4,36.4,11.676,107,107,0,125.87,36.4,36.4,48773000,24980000,23793000,25675000,22276000,5,6,11,,,,134,305;553;938,True;True;True,307;556;950,576;577;1035;1036;1786;1787,636;637;638;1127;1128;1129;1972;1973;1974;1975;1976,638;1129;1972,,
A0A0G2JUX5;Q68A21,A0A0G2JUX5;Q68A21,13;12,13;12,6;5,Transcriptional activator protein Pur-beta,Purb,tr|A0A0G2JUX5|A0A0G2JUX5_RAT Transcriptional activator protein Pur-beta OS=Rattus norvegicus OX=10116 GN=Purb PE=1 SV=1;sp|Q68A21|PURB_RAT Transcriptional activator protein Pur-beta OS=Rattus norvegicus OX=10116 GN=Purb PE=1 SV=3,2,13,13,6,10,10,10,10,5,4,27.1,27.1,16.7,33.532,317,317;315,0,86.132,22.4,26.8,44059000,22635000,21423000,17587000,25732000,11,10,21,,,,8,64;65;255;293;341;343;344;576;963;964;1321;1322;1376,True;True;True;True;True;True;True;True;True;True;True;True;True,66;67;257;295;343;345;346;579;975;976;1346;1347;1402,131;132;489;490;553;554;659;662;663;664;1094;1095;1839;1840;1841;2628;2629;2630;2742;2743;2744,143;144;540;541;610;611;721;724;725;726;1198;1199;2029;2030;2031;2972;2973;2974;3090;3091;3092,143;144;541;611;721;724;726;1199;2030;2031;2972;2973;3090,,
D3ZZZ0;A0A0G2K160,D3ZZZ0;A0A0G2K160,10;10,10;10,10;10,AT hook-containing transcription factor 1,Ahctf1,tr|D3ZZZ0|D3ZZZ0_RAT AT hook-containing transcription factor 1 OS=Rattus norvegicus OX=10116 GN=Ahctf1 PE=1 SV=1;tr|A0A0G2K160|A0A0G2K160_RAT AT hook-containing transcription factor 1 OS=Rattus norvegicus OX=10116 GN=Ahctf1 PE=1 SV=1,2,10,10,10,8,8,8,8,8,8,7.5,7.5,7.5,247.88,2240,2240;2312,0,107.28,5.6,5.8,34390000,19594000,14796000,15695000,18184000,10,9,19,,,,17,71;159;217;291;617;793;817;874;1025;1028,True;True;True;True;True;True;True;True;True;True,73;161;219;293;620;803;827;885;1044;1048,141;142;310;422;423;550;551;1153;1489;1490;1526;1527;1642;1643;1960;1969;1970,153;154;343;470;471;605;606;607;608;1257;1622;1623;1659;1660;1778;1779;2167;2177;2178,153;343;471;608;1257;1622;1660;1779;2167;2178,,
Q76MX4-2;Q76MX4,Q76MX4-2;Q76MX4,7;6,7;6,7;6,Isoform 2 of Transcription factor MafG,Mafg,sp|Q76MX4-2|MAFG_RAT Isoform 2 of Transcription factor MafG OS=Rattus norvegicus OX=10116 GN=Mafg;sp|Q76MX4|MAFG_RAT Transcription factor MafG OS=Rattus norvegicus OX=10116 GN=Mafg PE=2 SV=2,2,7,7,7,6,6,6,6,6,6,58.6,58.6,58.6,17.876,162,162;189,0,57.855,48.8,45.7,31853000,16106000,15746000,15997000,15312000,8,8,16,,,,188,367;368;588;1033;1069;1210;1254,True;True;True;True;True;True;True,369;370;591;1053;1089;1234;1278,704;705;706;707;708;709;1115;1980;1981;1982;2047;2330;2331;2499;2500;2501,768;769;770;771;772;773;1219;2190;2191;2192;2258;2583;2584;2828;2829;2830,771;773;1219;2192;2258;2584;2830,,
Q4KMA2,Q4KMA2,4,4,4,UV excision repair protein RAD23 homolog B,Rad23b,sp|Q4KMA2|RD23B_RAT UV excision repair protein RAD23 homolog B OS=Rattus norvegicus OX=10116 GN=Rad23b PE=1 SV=1,1,4,4,4,3,3,3,3,3,3,10.8,10.8,10.8,43.496,415,415,0,31.677,9.2,10.8,28798000,15510000,13289000,16359000,11980000,4,3,7,,,,169,465;466;766;1172,True;True;True;True,468;469;776;1194,875;876;1424;1425;1426;1427;2248;2249,951;952;1540;1541;1542;1543;2480;2481,951;952;1542;2481,,
D3ZV90;D3ZCK7,D3ZV90,7;2,7;2,7;2,Empty spiracles homeobox 1,Emx1,tr|D3ZV90|D3ZV90_RAT Empty spiracles homeobox 1 OS=Rattus norvegicus OX=10116 GN=Emx1 PE=4 SV=2,2,7,7,7,6,4,6,4,6,4,20,20,20,31.648,290,290;253,0,45.041,19,14.1,26656000,12353000,14303000,12971000,13191000,6,4,10,,,,82,24;428;551;778;849;1129;1130,True;True;True;True;True;True;True,24;431;554;788;859;1150;1151,43;44;817;1033;1449;1593;1594;2172;2173;2174,46;47;890;1125;1565;1727;1728;2403;2404;2405,46;890;1125;1565;1728;2404;2405,,
A0A0G2K3J3;Q63665-3;Q63665-2;Q63665,A0A0G2K3J3;Q63665-3;Q63665-2;Q63665,6;6;6;6,6;6;6;6,4;4;4;4,Upstream stimulatory factor 2,Usf2,tr|A0A0G2K3J3|A0A0G2K3J3_RAT Upstream stimulatory factor 2 OS=Rattus norvegicus OX=10116 GN=Usf2 PE=1 SV=1;sp|Q63665-3|USF2_RAT Isoform 3 of Upstream stimulatory factor 2 OS=Rattus norvegicus OX=10116 GN=Usf2;sp|Q63665-2|USF2_RAT Isoform 2 of Upstream stim,4,6,6,4,0,6,0,6,0,4,18.9,18.9,15.3,36.08,339,339;279;319;346,0,44.727,0,18.9,25875000,0,25875000,0,24981000,0,7,7,,,,19,16;89;153;477;863;1148,True;True;True;True;True;True,16;91;155;480;874;1169,32;167;168;299;899;1621;2203,35;181;182;331;977;1757;2434,35;181;331;977;1757;2434,,
P52164-2;P52164,P52164-2;P52164,5;5,5;5,5;5,Isoform Short of Protein max,Max,sp|P52164-2|MAX_RAT Isoform Short of Protein max OS=Rattus norvegicus OX=10116 GN=Max;sp|P52164|MAX_RAT Protein max OS=Rattus norvegicus OX=10116 GN=Max PE=1 SV=1,2,5,5,5,4,5,4,5,4,5,39.1,39.1,39.1,17.199,151,151;160,0,52.456,35.1,39.1,13359000,2881200,10478000,5527300,7469700,4,5,9,,,,146,88;104;144;777;861,True;True;True;True;True,90;106;146;787;872,166;190;191;283;284;1447;1448;1616;1617,180;206;207;314;315;1563;1564;1752;1753,180;207;315;1564;1752,,
P26801,P26801,2,2,2,CCAAT/enhancer-binding protein gamma,Cebpg,sp|P26801|CEBPG_RAT CCAAT/enhancer-binding protein gamma OS=Rattus norvegicus OX=10116 GN=Cebpg PE=1 SV=2,1,2,2,2,1,2,1,2,1,2,30,30,30,16.388,150,150,0,13.978,9.3,30,12623000,3787300,8836000,5570600,6747500,1,2,3,,,,143,158;1280,True;True,160;1305,309;2559;2560,342;2894;2895,342;2895,,
Q00969-2;Q00969;G3V7X9,Q00969-2;Q00969,8;8;1,8;8;1,8;8;1,Isoform 2 of Cyclic AMP-dependent transcription factor ATF-2,Atf2,sp|Q00969-2|ATF2_RAT Isoform 2 of Cyclic AMP-dependent transcription factor ATF-2 OS=Rattus norvegicus OX=10116 GN=Atf2;sp|Q00969|ATF2_RAT Cyclic AMP-dependent transcription factor ATF-2 OS=Rattus norvegicus OX=10116 GN=Atf2 PE=1 SV=2,3,8,8,8,6,3,6,3,6,3,32.9,32.9,32.9,42.32,389,389;487;485,0,53.354,26.5,20.3,12362000,8207900,4153900,8207900,4010500,6,3,9,,,,166,11;92;93;256;288;854;855;950,True;True;True;True;True;True;True;True,11;94;95;258;290;864;865;962,24;174;175;491;543;1602;1603;1814;1815,27;188;189;542;597;1738;1739;2004;2005,27;188;189;542;597;1738;1739;2004,,
A0A0G2JYZ8;Q5U2Y2,A0A0G2JYZ8;Q5U2Y2,5;5,2;2,2;2,SATB homeobox 1,Satb1,tr|A0A0G2JYZ8|A0A0G2JYZ8_RAT SATB homeobox 1 OS=Rattus norvegicus OX=10116 GN=Satb1 PE=1 SV=1;tr|Q5U2Y2|Q5U2Y2_RAT DNA-binding protein SATB OS=Rattus norvegicus OX=10116 GN=Satb1 PE=1 SV=1,2,5,2,2,5,0,2,0,2,0,10.4,6.3,6.3,79.45,713,713;764,0,19.627,10.4,0,11162000,11162000,0,11162000,0,1,0,1,,,,15,626;1041;1073;1132;1292,True;True;False;False;False,629;1061;1093;1153;1317,1170;1994;2051;2177;2581,1275;2204;2262;2408;2924,1275;2204;2262;2408;2924,,
A0A0G2K4G0,A0A0G2K4G0,10,9,9,Retinoic acid-induced 1,Rai1,tr|A0A0G2K4G0|A0A0G2K4G0_RAT Retinoic acid-induced 1 OS=Rattus norvegicus OX=10116 GN=Rai1 PE=1 SV=1,1,10,9,9,6,8,5,7,5,7,10.3,9.8,9.8,201.06,1887,1887,0,87.62,7,7.8,10668000,3756700,6911700,4780200,5649500,4,7,11,,,,20,365;380;865;907;934;1001;1048;1137;1287;1315,False;True;True;True;True;True;True;True;True;True,367;382;876;918;946;1020;1068;1158;1312;1340,699;700;701;702;727;728;1624;1625;1720;1772;1917;2008;2009;2187;2572;2620,763;764;765;766;794;795;1760;1761;1886;1956;2115;2219;2220;2418;2915;2964,764;795;1760;1886;1956;2115;2220;2418;2915;2964,,
A0A0G2JWU7;F1LQ90;A0A0G2JXN5;Q62655-2;Q62655;A0A0G2K188;A0A0G2K030;P21677;P51514-3;P51514-2;P51514,A0A0G2JWU7;F1LQ90;A0A0G2JXN5;Q62655-2;Q62655,7;6;5;5;5;1;1;1;1;1;1,7;6;5;5;5;1;1;1;1;1;1,7;6;5;5;5;1;1;1;1;1;1,Transcription factor 4,Tcf4,tr|A0A0G2JWU7|A0A0G2JWU7_RAT Transcription factor 4 OS=Rattus norvegicus OX=10116 GN=Tcf4 PE=1 SV=1;tr|F1LQ90|F1LQ90_RAT Transcription factor 4 OS=Rattus norvegicus OX=10116 GN=Tcf4 PE=1 SV=3;tr|A0A0G2JXN5|A0A0G2JXN5_RAT Transcription factor 4 OS=Rattus no,11,7,7,7,2,5,2,5,2,5,17.5,17.5,17.5,71.481,669,669;585;548;585;589;537;649;649;682;706;707,0,42.053,5.8,11.7,10152000,2556500,7595200,0,7332800,3,4,7,,,,12,160;386;433;665;770;918;1286,True;True;True;True;True;True;True,162;388;436;668;780;930;1311,311;741;822;1235;1433;1744;2571,344;345;808;895;1343;1549;1925;2914,345;808;895;1343;1549;1925;2914,,
A0A0G2K5M1;A0A0G2JUC1,A0A0G2K5M1,4;1,4;1,4;1,Sp3 transcription factor,Sp3,tr|A0A0G2K5M1|A0A0G2K5M1_RAT Sp3 transcription factor OS=Rattus norvegicus OX=10116 GN=Sp3 PE=1 SV=1,2,4,4,4,0,4,0,4,0,4,7.6,7.6,7.6,75.419,714,714;398,0,42.786,0,7.6,9679800,0,9679800,0,9345500,0,6,6,,,,24,275;459;1283;1284,True;True;True;True,277;462;1308;1309,525;866;867;2568;2569,577;942;943;2910;2911;2912,577;942;2910;2912,,
A0A0G2K6K9;F1M8W4;Q5U1X4,A0A0G2K6K9;F1M8W4;Q5U1X4,9;9;6,9;9;6,7;7;5,SRY box 5,Sox5,tr|A0A0G2K6K9|A0A0G2K6K9_RAT SRY box 5 OS=Rattus norvegicus OX=10116 GN=Sox5 PE=1 SV=1;tr|F1M8W4|F1M8W4_RAT SRY box 5 OS=Rattus norvegicus OX=10116 GN=Sox5 PE=1 SV=2;tr|Q5U1X4|Q5U1X4_RAT SRY box 5 OS=Rattus norvegicus OX=10116 GN=Sox5 PE=1 SV=1,3,9,9,7,9,0,9,0,7,0,18,18,14,75.22,679,679;763;392,0,57.38,18,0,8879400,8879400,0,7970600,0,10,0,10,,,,27,79;103;464;478;529;730;866;1223;1293,True;True;True;True;True;True;True;True;True,81;105;467;481;532;734;735;877;1247;1318,151;189;874;900;997;1349;1350;1626;2394;2582,163;204;205;950;978;1088;1459;1460;1762;2688;2925,163;205;950;978;1088;1460;1762;2688;2925,,
F1LPS8;P86252,F1LPS8,8;1,3;1,3;1,Transcriptional activator protein Pur-alpha,Pura,tr|F1LPS8|F1LPS8_RAT Transcriptional activator protein Pur-alpha OS=Rattus norvegicus OX=10116 GN=Pura PE=1 SV=3,2,8,3,3,5,7,2,3,2,3,25.6,18,18,31.903,289,289;138,0,32.828,20.4,25.6,8490600,3326800,5163700,3708900,4603300,2,3,5,,,,105,64;65;249;293;577;612;963;964,False;False;True;False;True;True;False;False,66;67;251;295;580;615;975;976,131;132;476;553;554;1096;1097;1147;1148;1839;1840;1841,143;144;527;610;611;1200;1201;1251;1252;2029;2030;2031,143;144;527;611;1201;1251;2030;2031,,
Q63689,Q63689,5,5,5,Neurogenic differentiation factor 2,Neurod2,sp|Q63689|NDF2_RAT Neurogenic differentiation factor 2 OS=Rattus norvegicus OX=10116 GN=Neurod2 PE=1 SV=2,1,5,5,5,0,5,0,5,0,5,29.6,29.6,29.6,41.466,382,382,0,33.079,0,29.6,7728100,0,7728100,0,7461200,0,5,5,,,,182,246;370;603;714;765,True;True;True;True;True,248;372;606;718;775,473;711;1135;1321;1423,524;775;1239;1431;1539,524;775;1239;1431;1539,,
D4ACV3;M0RDM4;Q6I8Q6;M0RCL5;G3V9C0;D3ZVK7;D3ZXP3;A9UMV8;Q64598;Q4FZT6;Q00728;P0CC09;P0C170;P0C169;P02262;A0A0A0MXW3;D4AEC0;D3ZWE0;P0C0S7,D4ACV3;M0RDM4;Q6I8Q6;M0RCL5;G3V9C0;D3ZVK7;D3ZXP3;A9UMV8;Q64598;Q4FZT6;Q00728;P0CC09;P0C170;P0C169;P02262;A0A0A0MXW3;D4AEC0;D3ZWE0;P0C0S7,2;2;2;2;2;2;2;2;2;2;2;2;2;2;2;1;1;1;1,2;2;2;2;2;2;2;2;2;2;2;2;2;2;2;1;1;1;1,2;2;2;2;2;2;2;2;2;2;2;2;2;2;2;1;1;1;1,Histone H2A,Hist2h2ac,tr|D4ACV3|D4ACV3_RAT Histone H2A OS=Rattus norvegicus OX=10116 GN=Hist2h2ac PE=3 SV=2;tr|M0RDM4|M0RDM4_RAT Histone H2A OS=Rattus norvegicus OX=10116 GN=LOC680322 PE=3 SV=1;tr|Q6I8Q6|Q6I8Q6_RAT Histone H2A OS=Rattus norvegicus OX=10116 GN=Hist1h2af PE=3 SV=,19,2,2,2,1,2,1,2,1,2,18.3,18.3,18.3,13.645,126,126;128;130;130;130;130;143;129;130;130;130;130;130;130;130;127;128;130;128,0,13.949,7.1,18.3,7265900,2498100,4767800,3108400,3992800,2,3,5,,,,50,38;414,True;True,38;417,67;68;791,71;72;73;74;863,71;863,,
A0A096MIY0,A0A096MIY0,1,1,1,Distal-less homeobox 6,Dlx6,tr|A0A096MIY0|A0A096MIY0_RAT Distal-less homeobox 6 OS=Rattus norvegicus OX=10116 GN=Dlx6 PE=4 SV=1,1,1,1,1,1,1,1,1,1,1,8.6,8.6,8.6,19.677,175,175,0,7.6008,8.6,8.6,6865800,3532600,3333200,3532600,3218100,1,1,2,,,,0,1065,TRUE,1085,2041;2042,2252;2253,2252,,
G3V669;Q64202,G3V669,3;1,3;1,3;1,Distal-less homeobox 1,Dlx1,tr|G3V669|G3V669_RAT Distal-less homeobox 1 OS=Rattus norvegicus OX=10116 GN=Dlx1 PE=4 SV=1,2,3,3,3,3,3,3,3,3,3,22,22,22,27.308,255,255;44,0,26.879,22,22,6400600,3825400,2575200,3881700,2430000,3,3,6,,,,120,70;598;836,True;True;True,72;601;846,139;140;1126;1127;1562;1563,151;152;1230;1231;1696;1697,151;1231;1697,,
F1M0L3,F1M0L3,2,2,2,Histone-lysine N-methyltransferase,Kmt2a,tr|F1M0L3|F1M0L3_RAT Histone-lysine N-methyltransferase OS=Rattus norvegicus OX=10116 GN=Kmt2a PE=1 SV=3,1,2,2,2,2,0,2,0,2,0,1,1,1,418.82,3843,3843,0,21.587,1,0,5010900,5010900,0,5010900,0,2,0,2,,,,111,924;1011,True;True,936;1030,1755;1934;1935,1936;2134;2135,1936;2134,,
D3ZVI8;G3V7U5;D3ZSM5;A0A0G2JX73;E9PTS6;B5DEH3;Q01713;O08876,D3ZVI8,4;1;1;1;1;1;1;1,4;1;1;1;1;1;1;1,4;1;1;1;1;1;1;1,Kruppel-like factor 13,Klf13,tr|D3ZVI8|D3ZVI8_RAT Kruppel-like factor 13 OS=Rattus norvegicus OX=10116 GN=Klf13 PE=4 SV=1,8,4,4,4,0,4,0,4,0,4,22.9,22.9,22.9,14.561,131,131;244;404;464;501;612;244;480,0,26.342,0,22.9,4677600,0,4677600,0,4516000,0,5,5,,,,83,276;403;889;1143,True;True;True;True,278;406;900;1164,526;777;1689;1690;2198,578;849;1851;1852;2429,578;849;1851;2429,,
B5DEY7,B5DEY7,5,5,5,Neurogenic differentiation factor,Neurod6,tr|B5DEY7|B5DEY7_RAT Neurogenic differentiation factor OS=Rattus norvegicus OX=10116 GN=Neurod6 PE=2 SV=1,1,5,5,5,0,5,0,5,0,5,24.6,24.6,24.6,38.653,337,337,0,31.724,0,24.6,3492100,0,3492100,0,3371500,0,5,5,,,,54,369;444;715;731;986,True;True;True;True;True,371;447;719;736;1005,710;843;1322;1351;1891,774;919;1432;1461;2088,774;919;1432;1461;2088,,
D4A380;F1M7M2;Q80W90;P36198;Q80W90-2,D4A380;F1M7M2;Q80W90;P36198;Q80W90-2,2;2;2;2;1,2;2;2;2;1,2;2;2;2;1,LIM homeobox protein 2 (Predicted),Lhx2,tr|D4A380|D4A380_RAT LIM homeobox protein 2 (Predicted) OS=Rattus norvegicus OX=10116 GN=Lhx2 PE=4 SV=1;tr|F1M7M2|F1M7M2_RAT LIM/homeobox protein Lhx2 OS=Rattus norvegicus OX=10116 GN=Lhx2 PE=4 SV=2;sp|Q80W90|LHX9_RAT LIM/homeobox protein Lhx9 OS=Rattus no,5,2,2,2,1,2,1,2,1,2,5.4,5.4,5.4,44.419,406,406;427;388;426;321,0,14.773,2.5,5.4,3252400,1082500,2169900,1263800,1913700,1,2,3,,,,90,1126;1273,True;True,1147;1298,2169;2546;2547,2400;2881;2882,2400;2881,,
Q4V8G3;A0A0G2JTZ2,Q4V8G3;A0A0G2JTZ2,6;6,4;4,4;4,SRY (Sex determining region Y)-box 6,Sox6,tr|Q4V8G3|Q4V8G3_RAT SRY (Sex determining region Y)-box 6 OS=Rattus norvegicus OX=10116 GN=Sox6 PE=2 SV=1;tr|A0A0G2JTZ2|A0A0G2JTZ2_RAT SRY box 6 OS=Rattus norvegicus OX=10116 GN=Sox6 PE=4 SV=1,2,6,4,4,6,0,4,0,4,0,10.2,6.7,6.7,87.318,787,787;854,0,24.888,10.2,0,2736800,2736800,0,2736800,0,3,0,3,,,,5,443;464;529;700;1061;1189,True;False;False;True;True;True,446;467;532;703;1081;1212,842;874;997;1290;2033;2284,918;950;1088;1400;2244;2518,918;950;1088;1400;2244;2518,,
P63014-2;P63014;G3V7M9;A0A0G2JXV9;F1LN97;G3V8N6;M0R8Z6;G3V8L2;A0A0G2JYE6;G3V7E0;D3ZLM8;D3ZEM1;A0A0G2JZZ1;G3V653;A0A0G2KA42;O35750-2;O35750;Q62798;Q62782;Q63087;Q9JLT7-2;Q9JLT7;P97830;A6YP92,P63014-2;P63014;G3V7M9;A0A0G2JXV9;F1LN97;G3V8N6;M0R8Z6;G3V8L2;A0A0G2JYE6;G3V7E0;D3ZLM8;D3ZEM1;A0A0G2JZZ1;G3V653;A0A0G2KA42;O35750-2;O35750;Q62798;Q62782;Q63087;Q9JLT7-2;Q9JLT7;P97830;A6YP92,2;2;1;1;1;1;1;1;1;1;1;1;1;1;1;1;1;1;1;1;1;1;1;1,2;2;1;1;1;1;1;1;1;1;1;1;1;1;1;1;1;1;1;1;1;1;1;1,2;2;1;1;1;1;1;1;1;1;1;1;1;1;1;1;1;1;1;1;1;1;1;1,Isoform 2 of Paired mesoderm homeobox protein 1,Prrx1,sp|P63014-2|PRRX1_RAT Isoform 2 of Paired mesoderm homeobox protein 1 OS=Rattus norvegicus OX=10116 GN=Prrx1;sp|P63014|PRRX1_RAT Paired mesoderm homeobox protein 1 OS=Rattus norvegicus OX=10116 GN=Prrx1 PE=1 SV=1;tr|G3V7M9|G3V7M9_RAT Short stature homeobox,24,2,2,2,2,0,2,0,2,0,8.8,8.8,8.8,24.369,217,217;245;233;247;254;263;275;279;307;325;342;399;415;530;565;225;237;263;281;326;333;342;530;566,0,13.596,8.8,0,2456400,2456400,0,2456400,0,2,0,2,,,,160,1194;1285,True;True,1217;1310,2291;2570,2525;2913,2525;2913,,
A0A0G2K1E3,A0A0G2K1E3,2,2,2,Lysine methyltransferase 2B,Kmt2b,tr|A0A0G2K1E3|A0A0G2K1E3_RAT Lysine methyltransferase 2B OS=Rattus norvegicus OX=10116 GN=Kmt2b PE=1 SV=1,1,2,2,2,1,2,1,2,1,2,1.6,1.6,1.6,294.91,2714,2714,0,12.735,1.1,1.6,2415000,890210,1524800,1274200,1088100,1,2,3,,,,18,581;1006,True;True,584;1025,1102;1924;1925,1206;2124;2125,1206;2125,,
O88553;F1LYQ2;F1LQU1,O88553;F1LYQ2;F1LQU1,3;2;2,3;2;2,3;2;2,Zinc finger protein 37,Zfp37,sp|O88553|ZFP37_RAT Zinc finger protein 37 OS=Rattus norvegicus OX=10116 GN=Zfp37 PE=1 SV=1;tr|F1LYQ2|F1LYQ2_RAT Zinc finger protein 37 OS=Rattus norvegicus OX=10116 GN=Zfp37 PE=4 SV=3;tr|F1LQU1|F1LQU1_RAT Zinc finger protein 37 OS=Rattus norvegicus OX=101,3,3,3,3,2,1,2,1,2,1,7.2,7.2,7.2,68.098,601,601;425;583,0,17.011,4.3,2.8,2130700,1769900,360750,1769900,0,1,1,2,,,,133,784;1047;1275,True;True;True,794;1067;1300,1459;2007;2551,1575;2218;2886,1575;2218;2886,,
O35410,O35410,5,3,3,Transcription factor USF-1,Usf1,tr|O35410|O35410_RAT Transcription factor USF-1 OS=Rattus norvegicus OX=10116 GN=Usf1 PE=1 SV=1,1,5,3,3,0,5,0,3,0,3,15.8,11.9,11.9,33.57,310,310,0,17.674,0,15.8,1990000,0,1990000,0,1921300,0,3,3,,,,132,153;454;477;1149;1373,False;True;False;True;True,155;457;480;1170;1399,299;860;899;2204;2736,331;936;977;2435;3084,331;936;977;2435;3084,,
A0A0G2K610;D3ZG44,A0A0G2K610;D3ZG44,2;2,2;2,2;2,Kruppel-like factor 12,Klf12,tr|A0A0G2K610|A0A0G2K610_RAT Kruppel-like factor 12 OS=Rattus norvegicus OX=10116 GN=Klf12 PE=1 SV=1;tr|D3ZG44|D3ZG44_RAT Kruppel-like factor 12 OS=Rattus norvegicus OX=10116 GN=Klf12 PE=1 SV=3,2,2,2,2,0,2,0,2,0,2,7.2,7.2,7.2,44.224,402,402;419,0,11.768,0,7.2,1829000,0,1829000,0,1765900,0,2,2,,,,25,243;450,True;True,245;453,468;854,519;930,519;930,,
A0A0G2K5I8,A0A0G2K5I8,1,1,1,Zinc finger protein 62,Zfp62,tr|A0A0G2K5I8|A0A0G2K5I8_RAT Zinc finger protein 62 OS=Rattus norvegicus OX=10116 GN=Zfp62 PE=4 SV=1,1,1,1,1,1,1,1,1,1,1,1.4,1.4,1.4,105.25,917,917,0,6.5953,1.4,1.4,1605500,1124200,481270,1124200,464640,1,1,2,,,,23,987,TRUE,1006,1892;1893,2089;2090,2089,,
A0A0H2UHR3;P08154,A0A0H2UHR3;P08154,2;2,2;2,2;2,Early growth response protein,Egr1,tr|A0A0H2UHR3|A0A0H2UHR3_RAT Early growth response protein OS=Rattus norvegicus OX=10116 GN=Egr1 PE=3 SV=1;sp|P08154|EGR1_RAT Early growth response protein 1 OS=Rattus norvegicus OX=10116 GN=Egr1 PE=1 SV=2,2,2,2,2,0,2,0,2,0,2,5.2,5.2,5.2,56.906,536,536;508,0,12.976,0,5.2,1343300,0,1343300,0,1296900,0,0,0,,,,43,68;1185,True;True,70;1207,136;2271,148;2505,148;2505,,
Q62764-2;D4A0L4,Q62764-2;D4A0L4,21;18,1;1,1;1,Isoform 2 of Y-box-binding protein 3,Ybx3,sp|Q62764-2|YBOX3_RAT Isoform 2 of Y-box-binding protein 3 OS=Rattus norvegicus OX=10116 GN=Ybx3;tr|D4A0L4|D4A0L4_RAT Y-box-binding protein 3 OS=Rattus norvegicus OX=10116 GN=Ybx3 PE=1 SV=3,2,21,1,1,19,18,1,0,1,0,67.1,7.5,7.5,30.803,292,292;291,0,8.3913,67.1,59.6,1251500,1251500,0,1251500,0,1,0,1,,,,176,35;194;195;299;756;758;759;772;773;774;958;1062;1063;1064;1115;1116;1257;1258;1268;1269;1357,False;False;False;False;True;False;False;False;False;False;False;False;False;False;False;False;False;False;False;False;False,35;196;197;301;766;768;769;782;783;784;970;1082;1083;1084;1136;1137;1282;1283;1293;1294;1382,62;63;383;384;385;386;387;560;561;1402;1407;1408;1409;1410;1411;1412;1436;1437;1438;1439;1440;1441;1442;1443;1444;1827;1828;2034;2035;2036;2037;2038;2039;2040;2135;2136;2137;2138;2139;2140;2141;2508;2509;2510;2511;2512;2536;2537;2538;2539;2540;2696;2697,65;66;67;430;431;432;433;434;617;618;619;1516;1521;1522;1523;1524;1525;1526;1552;1553;1554;1555;1556;1557;1558;1559;1560;2017;2018;2245;2246;2247;2248;2249;2250;2251;2352;2353;2354;2355;2356;2357;2358;2359;2837;2838;2839;2840;2841;2869;2870;2871;2872;2873;2874;2875;3042;3043,66;430;434;618;1516;1523;1525;1552;1554;1557;2017;2246;2247;2251;2354;2358;2837;2841;2874;2875;3042,,
Q63158,Q63158,1,1,1,RCG21090,Sp4,tr|Q63158|Q63158_RAT RCG21090 OS=Rattus norvegicus OX=10116 GN=Sp4 PE=2 SV=1,1,1,1,1,0,1,0,1,0,1,2.7,2.7,2.7,81.983,783,783,0,11.165,0,2.7,1234600,0,1234600,0,1191900,0,1,1,,,,179,953,TRUE,965,1818,2008,2008,,
A0A0G2JW97;M0RBF0;A0A0G2JZI0;O88453,A0A0G2JW97;M0RBF0;A0A0G2JZI0;O88453,1;1;1;1,1;1;1;1,1;1;1;1,Scaffold attachment factor B1,Safb,tr|A0A0G2JW97|A0A0G2JW97_RAT Scaffold attachment factor B1 OS=Rattus norvegicus OX=10116 GN=Safb PE=1 SV=1;tr|M0RBF0|M0RBF0_RAT Scaffold attachment factor B1 OS=Rattus norvegicus OX=10116 GN=Safb PE=1 SV=1;tr|A0A0G2JZI0|A0A0G2JZI0_RAT Scaffold attachment f,4,1,1,1,1,1,1,1,1,1,1.4,1.4,1.4,94.642,838,838;931;940;931,0,6.8013,1.4,1.4,1151100,597890,553210,597890,534110,1,1,2,,,,11,767,TRUE,777,1428;1429,1544;1545,1544,,
P52909,P52909,1,1,1,Transcription factor jun-D,Jund,sp|P52909|JUND_RAT Transcription factor jun-D OS=Rattus norvegicus OX=10116 GN=Jund PE=1 SV=1,1,1,1,1,0,1,0,1,0,1,6.2,6.2,6.2,34.874,341,341,0.010204,5.9507,0,6.2,1068700,0,1068700,0,1031800,0,1,1,,,,147,1074,TRUE,1094,2052,2263,2263,,
Q9ERU2,Q9ERU2,2,2,2,Zinc finger protein 22,Znf22,sp|Q9ERU2|ZNF22_RAT Zinc finger protein 22 OS=Rattus norvegicus OX=10116 GN=Znf22 PE=2 SV=2,1,2,2,2,0,2,0,2,0,2,11,11,11,27.286,237,237,0,11.395,0,11,1007400,0,1007400,0,972590,0,2,2,,,,194,130;990,True;True,132;1009,238;1896,257;2093,257;2093,,
D4A6N8,D4A6N8,2,2,2,"T-box, brain, 1",Tbr1,"tr|D4A6N8|D4A6N8_RAT T-box, brain, 1 OS=Rattus norvegicus OX=10116 GN=Tbr1 PE=1 SV=3",1,2,2,2,0,2,0,2,0,2,4.3,4.3,4.3,73.631,680,680,0,12.116,0,4.3,928920,0,928920,0,896830,0,2,2,,,,97,149;1012,True;True,151;1031,290;1936,321;2136,321;2136,,
Q63396,Q63396,2,2,2,Activated RNA polymerase II transcriptional coactivator p15,Sub1,sp|Q63396|TCP4_RAT Activated RNA polymerase II transcriptional coactivator p15 OS=Rattus norvegicus OX=10116 GN=Sub1 PE=1 SV=3,1,2,2,2,2,0,2,0,2,0,16.5,16.5,16.5,14.441,127,127,0,12.45,16.5,0,918510,918510,0,918510,0,1,0,1,,,,180,221;1374,True;True,223;1400,429;2737,477;3085,477;3085,,
P17325,P17325,1,1,1,Transcription factor AP-1,Jun,sp|P17325|JUN_RAT Transcription factor AP-1 OS=Rattus norvegicus OX=10116 GN=Jun PE=1 SV=1,1,1,1,1,1,1,1,1,1,1,4.5,4.5,4.5,36,334,334,0,7.5944,4.5,4.5,886070,375260,510810,375260,493170,1,1,2,,,,140,818,TRUE,828,1528;1529,1661;1662,1661,,
P21272-3;P21272-2;P21272,P21272-3;P21272-2;P21272,1;1;1,1;1;1,1;1;1,Isoform 3 of CCAAT/enhancer-binding protein beta,Cebpb,sp|P21272-3|CEBPB_RAT Isoform 3 of CCAAT/enhancer-binding protein beta OS=Rattus norvegicus OX=10116 GN=Cebpb;sp|P21272-2|CEBPB_RAT Isoform 2 of CCAAT/enhancer-binding protein beta OS=Rattus norvegicus OX=10116 GN=Cebpb;sp|P21272|CEBPB_RAT CCAAT/enhancer-b,3,1,1,1,1,1,1,1,1,1,11,11,11,15.567,145,145;276;297,0.010101,5.9168,11,11,835070,366210,468870,0,452670,0,0,0,,,,141,13,TRUE,13,27;28,30;31,31,,
D4AA06,D4AA06,1,1,1,"Nuclear receptor binding SET domain protein 1 (Predicted), isoform CRA_a",Nsd1,"tr|D4AA06|D4AA06_RAT Nuclear receptor binding SET domain protein 1 (Predicted), isoform CRA_a OS=Rattus norvegicus OX=10116 GN=Nsd1 PE=1 SV=1",1,1,1,1,1,1,1,1,1,1,0.5,0.5,0.5,262.49,2381,2381,0,6.8202,0.5,0.5,821460,481420,340040,481420,328290,1,1,2,,,,99,642,TRUE,645,1200;1201,1305;1306,1306,,
D3ZEI3,D3ZEI3,1,1,1,Zinc finger protein 821,Zfp821,tr|D3ZEI3|D3ZEI3_RAT Zinc finger protein 821 OS=Rattus norvegicus OX=10116 GN=Zfp821 PE=4 SV=1,1,1,1,1,0,1,0,1,0,1,2.9,2.9,2.9,46.814,413,413,0.0055556,6.3747,0,2.9,655520,0,655520,0,632880,0,1,1,,,,72,689,TRUE,692,1272,1382,1382,,
F2Z3R4,F2Z3R4,1,1,1,Nuclear factor 1,Nf1x,tr|F2Z3R4|F2Z3R4_RAT Nuclear factor 1 OS=Rattus norvegicus OX=10116 GN=Nf1x PE=1 SV=1,1,1,1,1,0,1,0,1,0,1,4.8,4.8,4.8,48.867,441,441,0.0053476,6.1027,0,4.8,627200,0,627200,0,605540,0,1,1,,,,119,201,TRUE,203,395,442,442,,
D3ZMQ9;A0A0G2JVH5,D3ZMQ9;A0A0G2JVH5,1;1,1;1,1;1,Helicase-like transcription factor,Hltf,tr|D3ZMQ9|D3ZMQ9_RAT Helicase-like transcription factor OS=Rattus norvegicus OX=10116 GN=Hltf PE=1 SV=1;tr|A0A0G2JVH5|A0A0G2JVH5_RAT Helicase-like transcription factor OS=Rattus norvegicus OX=10116 GN=Hltf PE=1 SV=1,2,1,1,1,0,1,0,1,0,1,1.4,1.4,1.4,110.04,974,974;1003,0.005618,6.4375,0,1.4,396800,0,396800,0,383100,0,0,0,,,,9,1204,TRUE,1227,2303,2537,2537,,
A0A0G2K8K0,A0A0G2K8K0,1,1,1,Splicing factor proline and glutamine rich,Sfpq,tr|A0A0G2K8K0|A0A0G2K8K0_RAT Splicing factor proline and glutamine rich OS=Rattus norvegicus OX=10116 GN=Sfpq PE=1 SV=1,1,1,1,1,0,1,0,1,0,1,2.2,2.2,2.2,75.085,696,696,0.010309,5.9723,0,2.2,226840,0,226840,0,219010,0,1,1,,,,34,257,TRUE,259,492,543,543,,
